Date,MA,PYPL,V
2021-01-04,341.1647033691406,231.38510131835938,209.57298278808594
2021-01-05,337.2142639160156,234.3682098388672,206.44512939453125
2021-01-06,337.3403625488281,226.3068389892578,204.62619018554688
2021-01-07,340.01300048828125,234.49789428710938,205.77145385742188
2021-01-08,343.8907165527344,241.9008026123047,207.3498077392578
2021-01-11,338.39971923828125,236.9522247314453,204.88601684570312
2021-01-12,333.2684020996094,237.09190368652344,201.00755310058594
2021-01-13,336.582275390625,244.3351593017578,201.47914123535156
2021-01-14,317.72833251953125,241.501708984375,194.2707061767578
2021-01-15,314.1616516113281,239.2369384765625,194.01087951660156
2021-01-19,316.7662353515625,246.67974853515625,194.07823181152344
2021-01-20,325.4837646484375,243.69664001464844,198.2646942138672
2021-01-21,325.02703857421875,248.0665283203125,197.4274139404297
2021-01-22,319.7304382324219,251.41879272460938,194.4247589111328
2021-01-25,319.9247131347656,247.1785888671875,193.42379760742188
2021-01-26,318.4767150878906,240.44415283203125,194.41506958007812
2021-01-27,306.6103210449219,229.40966796875,187.63978576660156
2021-01-28,315.1529846191406,237.24154663085938,190.76759338378906
2021-01-29,307.3878173828125,233.7695770263672,185.9844207763672
2021-02-01,312.509521484375,241.29220581054688,190.9022979736328
2021-02-02,324.958984375,248.52548217773438,194.9925079345703
2021-02-03,323.45269775390625,251.3190155029297,193.7895050048828
2021-02-04,331.23712158203125,269.8062744140625,201.38290405273438
2021-02-05,329.2156677246094,268.8185729980469,200.92095947265625
2021-02-08,327.54412841796875,281.51922607421875,199.11160278320312
2021-02-09,324.0551452636719,283.5445251464844,198.7554931640625
2021-02-10,324.8034362792969,282.52685546875,198.67855834960938
2021-02-11,333.21966552734375,284.37261962890625,203.05465698242188
2021-02-12,331.4023132324219,297.68182373046875,202.3799285888672
2021-02-16,331.6064453125,304.0870361328125,200.394287109375
2021-02-17,327.8356018066406,296.5145568847656,200.01837158203125
2021-02-18,328.933837890625,290.1392822265625,201.79193115234375
2021-02-19,323.7927551269531,286.2582702636719,197.3386993408203
2021-02-22,331.0719299316406,273.2183837890625,200.799072265625
2021-02-23,340.5572204589844,264.3887939453125,204.4523162841797
2021-02-24,356.9815368652344,265.4563293457031,211.5079803466797
2021-02-25,344.5904235839844,253.35430908203125,206.0330810546875
2021-02-26,343.8907165527344,259.2507019042969,204.72216796875
2021-03-01,352.6859436035156,272.9989013671875,208.80908203125
2021-03-02,352.60821533203125,268.56915283203125,207.9801483154297
2021-03-03,350.1105651855469,254.4717254638672,207.0933837890625
2021-03-04,339.6630859375,238.51861572265625,203.8643035888672
2021-03-05,350.722900390625,238.4986572265625,207.63316345214844
2021-03-08,360.8786315917969,225.56854248046875,212.31768798828125
2021-03-09,365.9225769042969,241.202392578125,212.40443420410156
2021-03-10,370.9568786621094,241.51170349121094,215.1129913330078
2021-03-11,373.5614318847656,253.24456787109375,217.9853973388672
2021-03-12,371.9384460449219,249.77259826660156,216.260009765625
2021-03-15,371.0151672363281,249.4034423828125,215.20938110351562
2021-03-16,371.6177062988281,248.7349853515625,216.58773803710938
2021-03-17,368.0217590332031,250.8900146484375,214.96841430664062
2021-03-18,356.6705627441406,237.86013793945312,212.69361877441406
2021-03-19,346.475830078125,240.7235107421875,199.4303436279297
2021-03-22,348.3126220703125,243.82135009765625,200.49063110351562
2021-03-23,345.27081298828125,243.20777893066406,200.63526916503906
2021-03-24,349.5274658203125,233.7296905517578,200.55813598632812
2021-03-25,348.27374267578125,233.6997528076172,200.46176147460938
2021-03-26,355.8348083496094,240.47409057617188,205.82101440429688
2021-03-29,352.6957092285156,235.12644958496094,206.765625
2021-03-30,348.1182556152344,235.9944305419922,204.24984741210938
2021-03-31,346.0287170410156,242.2799072265625,204.08595275878906
2021-04-01,353.07470703125,246.9690704345703,209.03082275390625
2021-04-05,357.9534912109375,250.44105529785156,211.132080078125
2021-04-06,359.1682434082031,252.60604858398438,210.7561492919922
2021-04-07,360.6357116699219,255.01048278808594,211.3538360595703
2021-04-08,367.5440673828125,263.88995361328125,212.73216247558594
2021-04-09,369.8208923339844,266.15472412109375,214.48646545410156
2021-04-12,369.58740234375,268.4095153808594,213.4743194580078
2021-04-13,367.92364501953125,274.79473876953125,213.04061889648438
2021-04-14,368.1085205078125,266.59368896484375,213.9659423828125
2021-04-15,376.0579528808594,273.3680419921875,218.11068725585938
2021-04-16,375.74664306640625,269.24755859375,218.23605346679688
2021-04-19,371.84478759765625,267.2920837402344,217.6383514404297
2021-04-20,366.4640197753906,263.8200988769531,215.21897888183594
2021-04-21,372.7593994140625,264.2790832519531,219.2384490966797
2021-04-22,373.0123291015625,261.66510009765625,219.3541717529297
2021-04-23,376.61248779296875,265.4164123535156,221.69639587402344
2021-04-26,377.011474609375,271.0932922363281,222.02415466308594
2021-04-27,378.5683288574219,268.20001220703125,221.6096649169922
2021-04-28,384.9707336425781,270.4647521972656,225.0218505859375
2021-04-29,378.4515380859375,267.23223876953125,228.30873107910156
2021-04-30,371.7475280761719,261.68505859375,225.1278839111328
2021-05-03,369.1593017578125,258.492431640625,224.2122039794922
2021-05-04,365.763427734375,249.58303833007812,223.65310668945312
2021-05-05,359.1762390136719,246.8293914794922,220.93492126464844
2021-05-06,365.34515380859375,251.43875122070312,222.9687957763672
2021-05-07,365.2673034667969,252.77565002441406,223.73988342285156
2021-05-10,356.4518127441406,243.06809997558594,217.8118896484375
2021-05-11,357.6875,248.02664184570312,217.33958435058594
2021-05-12,346.99420166015625,239.35667419433594,212.66468811035156
2021-05-13,350.3023376464844,240.24462890625,215.9756622314453
2021-05-14,354.0873718261719,245.72195434570312,219.06463623046875
2021-05-17,353.4938659667969,243.79640197753906,218.5819854736328
2021-05-18,353.2701110839844,242.64906311035156,217.74215698242188
2021-05-19,351.2364807128906,244.0657958984375,216.79615783691406
2021-05-20,357.775146484375,250.9598388671875,218.5819854736328
2021-05-21,357.6778259277344,250.11181640625,218.90052795410156
2021-05-24,362.3287658691406,256.5768737792969,221.3620147705078
2021-05-25,357.3080749511719,258.0534362792969,221.0724639892578
2021-05-26,352.8614501953125,260.7671813964844,219.19012451171875
2021-05-27,352.22900390625,258.8715515136719,218.9873809814453
2021-05-28,350.84722900390625,259.4202880859375,219.41213989257812
2021-06-01,350.07861328125,258.6719970703125,218.76535034179688
2021-06-02,356.94805908203125,261.5653381347656,221.69024658203125
2021-06-03,352.0538024902344,257.1954345703125,220.19400024414062
2021-06-04,356.1403503417969,262.4333190917969,222.15359497070312
2021-06-07,354.2527770996094,259.99896240234375,223.29263305664062
2021-06-08,355.4010009765625,262.5430603027344,223.99729919433594
2021-06-09,353.52301025390625,262.9920349121094,224.24827575683594
2021-06-10,354.46685791015625,268.8484802246094,225.83135986328125
2021-06-11,355.6344299316406,270.8239440917969,226.80630493164062
2021-06-14,356.62689208984375,274.2958984375,225.95684814453125
2021-06-15,358.18377685546875,271.262939453125,224.8949737548828
2021-06-16,353.99981689453125,268.20001220703125,221.63230895996094
2021-06-17,357.37615966796875,277.46856689453125,224.0938262939453
2021-06-18,357.5026550292969,282.7264099121094,222.41421508789062
2021-06-21,363.0195617675781,282.4470520019531,226.18853759765625
2021-06-22,367.8359680175781,286.0886535644531,227.74264526367188
2021-06-23,365.0143127441406,287.4554748535156,226.5360107421875
2021-06-24,364.63482666015625,292.5337219238281,228.04188537597656
2021-06-25,369.36358642578125,288.93206787109375,229.0844268798828
2021-06-28,357.75567626953125,292.97271728515625,225.9665069580078
2021-06-29,358.0670471191406,292.08477783203125,227.76193237304688
2021-06-30,355.235595703125,290.8077392578125,225.7058563232422
2021-07-01,360.70391845703125,288.33343505859375,226.9897003173828
2021-07-02,364.90728759765625,289.5705871582031,230.3489532470703
2021-07-06,365.96783447265625,291.9650573730469,231.2853240966797
2021-07-07,363.8272705078125,296.4447021484375,231.67137145996094
2021-07-08,360.6222839355469,294.3694763183594,228.39906311035156
2021-07-09,363.30120849609375,299.517578125,230.1945037841797
2021-07-12,365.85345458984375,302.271240234375,229.6153106689453
2021-07-13,373.792724609375,300.4953308105469,233.9398651123047
2021-07-14,380.6995544433594,300.05633544921875,237.4535675048828
2021-07-15,380.1442565917969,295.8261413574219,239.92466735839844
2021-07-16,377.1146545410156,293.9504699707031,239.50962829589844
2021-07-19,356.0047912597656,294.1699523925781,232.067138671875
2021-07-20,364.7137145996094,297.3825378417969,234.2777099609375
2021-07-21,370.2371520996094,301.073974609375,235.2044219970703
2021-07-22,372.2828369140625,302.98956298828125,235.66775512695312
2021-07-23,383.09600830078125,307.8183898925781,240.37838745117188
2021-07-26,382.6478576660156,306.0923767089844,241.565673828125
2021-07-27,380.1832275390625,299.7869873046875,242.2220916748047
2021-07-28,373.5296936035156,301.2835388183594,238.3705291748047
2021-07-29,378.760986328125,282.51690673828125,239.31655883789062
2021-07-30,375.9651794433594,274.8945007324219,237.839599609375
2021-08-02,365.56121826171875,270.364990234375,231.45904541015625
2021-08-03,358.09918212890625,272.86920166015625,228.86239624023438
2021-08-04,358.49859619140625,274.8645935058594,228.45693969726562
2021-08-05,362.3270263671875,280.0226745605469,231.8740997314453
2021-08-06,364.85009765625,278.895263671875,233.02279663085938
2021-08-09,361.0995178222656,277.5084533691406,231.67137145996094
2021-08-10,358.3329772949219,273.7371826171875,229.8083953857422
2021-08-11,354.82598876953125,275.7724914550781,226.90283203125
2021-08-12,352.62445068359375,273.9566955566406,224.05128479003906
2021-08-13,353.37457275390625,274.27593994140625,224.88262939453125
2021-08-16,354.1635437011719,277.63818359375,227.50216674804688
2021-08-17,353.8421325683594,270.4747314453125,226.69985961914062
2021-08-18,351.62103271484375,268.2199401855469,223.89666748046875
2021-08-19,348.07513427734375,269.9559326171875,223.83868408203125
2021-08-20,345.8150939941406,272.3304443359375,223.63565063476562
2021-08-23,351.67950439453125,276.3411865234375,226.32286071777344
2021-08-24,352.4295959472656,278.8653564453125,226.41952514648438
2021-08-25,349.8188781738281,277.0495300292969,224.82461547851562
2021-08-26,343.7400817871094,272.9889221191406,222.82371520996094
2021-08-27,346.53594970703125,277.68804931640625,224.9212646484375
2021-08-30,343.9252624511719,287.8046875,223.510009765625
2021-08-31,337.28155517578125,287.9942321777344,221.4511260986328
2021-09-01,340.53521728515625,286.0886535644531,222.4370574951172
2021-09-02,332.45947265625,284.8714599609375,216.6953887939453
2021-09-03,331.4366149902344,288.4631652832031,217.59434509277344
2021-09-07,335.80078125,292.5836486816406,218.71563720703125
2021-09-08,341.9671936035156,284.5721435546875,221.44146728515625
2021-09-09,342.32763671875,286.2183532714844,219.89488220214844
2021-09-10,338.4115905761719,283.66424560546875,217.40103149414062
2021-09-13,338.8304443359375,279.84307861328125,217.13037109375
2021-09-14,336.862548828125,281.5890197753906,215.58380126953125
2021-09-15,335.8397216796875,281.7785949707031,216.3377685546875
2021-09-16,337.35943603515625,282.3173522949219,216.8404083251953
2021-09-17,334.1739196777344,275.70263671875,214.34652709960938
2021-09-20,330.9105529785156,269.2874755859375,212.7032928466797
2021-09-21,328.66021728515625,268.8684387207031,212.8192901611328
2021-09-22,334.53436279296875,271.7118835449219,215.31314086914062
2021-09-23,344.91888427734375,278.456298828125,220.68753051757812
2021-09-24,348.9031066894531,277.46856689453125,223.85800170898438
2021-09-27,347.54901123046875,272.75946044921875,221.9344482421875
2021-09-28,342.10357666015625,261.5852966308594,218.02931213378906
2021-09-29,344.06170654296875,258.40264892578125,219.11190795898438
2021-09-30,338.6939697265625,259.6098327636719,215.31314086914062
2021-10-01,350.8709411621094,264.03961181640625,222.76573181152344
2021-10-04,335.303955078125,254.42184448242188,217.22702026367188
2021-10-05,334.339599609375,259.54998779296875,216.7920684814453
2021-10-06,339.6779479980469,263.4509582519531,218.94761657714844
2021-10-07,345.1986083984375,262.93218994140625,222.85272216796875
2021-10-08,346.2227478027344,259.460205078125,222.5820770263672
2021-10-11,338.6049499511719,254.46176147460938,217.59434509277344
2021-10-12,336.83953857421875,255.25991821289062,216.56973266601562
2021-10-13,333.9232177734375,255.7687225341797,215.0328369140625
2021-10-14,336.09832763671875,265.8354797363281,217.66201782226562
2021-10-15,347.2371520996094,267.7310791015625,223.27804565429688
2021-10-18,349.61712646484375,269.70648193359375,222.94937133789062
2021-10-19,353.18707275390625,271.0733642578125,225.7235565185547
2021-10-20,347.9881896972656,257.76409912109375,223.6936798095703
2021-10-21,347.4420166015625,242.64906311035156,222.55308532714844
2021-10-22,349.8414306640625,239.8455352783203,223.510009765625
2021-10-25,351.9775390625,246.31060791015625,226.071533203125
2021-10-26,348.524658203125,242.43954467773438,224.08035278320312
2021-10-27,327.456298828125,234.39813232421875,208.57583618164062
2021-10-28,324.8325500488281,236.28378295898438,202.8341522216797
2021-10-29,327.2612609863281,232.0535430908203,204.69973754882812
2021-11-01,325.8274841308594,230.74656677246094,205.36671447753906
2021-11-02,320.39459228515625,228.9307861328125,202.1575164794922
2021-11-03,321.3211975097656,229.84866333007812,201.1522674560547
2021-11-04,327.1734924316406,227.69363403320312,201.80953979492188
2021-11-05,340.20465087890625,225.25926208496094,209.43612670898438
2021-11-08,341.06298828125,228.890869140625,213.1285858154297
2021-11-09,336.16656494140625,204.9462127685547,206.265625
2021-11-10,349.12945556640625,204.1680145263672,208.72998046875
2021-11-11,345.6180419921875,201.5640411376953,203.75283813476562
2021-11-12,354.5525817871094,207.819580078125,205.3699188232422
2021-11-15,352.465087890625,212.04978942871094,205.57330322265625
2021-11-16,360.46337890625,215.17257690429688,208.36203002929688
2021-11-17,350.3291931152344,205.7942657470703,198.56268310546875
2021-11-18,339.648681640625,200.03756713867188,196.88751220703125
2021-11-19,331.3578796386719,193.1634521484375,194.49575805664062
2021-11-22,313.39129638671875,189.04298400878906,189.38302612304688
2021-11-23,320.9017639160156,187.6162872314453,192.20086669921875
2021-11-24,331.6310119628906,188.27476501464844,196.81002807617188
2021-11-26,316.190673828125,187.35687255859375,191.387451171875
2021-11-29,315.05914306640625,186.8081512451172,190.07054138183594
2021-11-30,307.1683654785156,184.46356201171875,187.6304168701172
2021-12-01,298.74102783203125,178.9064178466797,184.13479614257812
2021-12-02,312.318359375,186.71835327148438,192.00718688964844
2021-12-03,314.1812744140625,183.5057830810547,190.099609375
2021-12-06,325.12518310546875,184.4336395263672,196.25808715820312
2021-12-07,331.1531066894531,190.57943725585938,200.7994842529297
2021-12-08,333.91326904296875,196.89483642578125,202.36817932128906
2021-12-09,336.0397033691406,191.30775451660156,204.69210815429688
2021-12-10,341.30682373046875,188.07521057128906,206.63841247558594
2021-12-13,336.810302734375,185.95013427734375,204.3338623046875
2021-12-14,332.16748046875,186.36917114257812,203.32681274414062
2021-12-15,337.8246765136719,190.2202606201172,205.58297729492188
2021-12-16,344.23297119140625,188.31466674804688,207.57769775390625
2021-12-17,340.7117919921875,185.77053833007812,205.16661071777344
2021-12-20,328.7243347167969,182.25865173339844,202.12606811523438
2021-12-21,342.10662841796875,188.70376586914062,208.55572509765625
2021-12-22,348.6807556152344,191.23789978027344,211.05397033691406
2021-12-23,351.70440673828125,191.567138671875,209.75640869140625
2021-12-27,351.4411315917969,191.567138671875,210.73439025878906
2021-12-28,351.8995056152344,189.66156005859375,211.14111328125
2021-12-29,352.39697265625,189.5318603515625,211.25730895996094
2021-12-30,352.1043395996094,191.4374542236328,210.96681213378906
2021-12-31,350.4754638671875,188.1450653076172,209.8435516357422
2022-01-03,361.819091796875,194.49038696289062,214.41400146484375
2022-01-04,366.1498718261719,190.69915771484375,215.41136169433594
2022-01-05,364.6966247558594,186.72833251953125,213.029296875
2022-01-06,361.3661193847656,191.82655334472656,212.78721618652344
2022-01-07,361.0242919921875,187.16732788085938,210.08566284179688
2022-01-10,355.4182434082031,182.52804565429688,205.25375366210938
2022-01-11,357.74273681640625,191.07827758789062,207.58740234375
2022-01-12,358.7388916015625,186.7682342529297,208.87522888183594
2022-01-13,360.89727783203125,180.59251403808594,208.18772888183594
2022-01-14,363.45623779296875,178.00848388671875,207.8682098388672
2022-01-18,357.75250244140625,174.05763244628906,208.87522888183594
2022-01-19,352.31243896484375,173.1497344970703,207.8778839111328
2022-01-20,355.5061950683594,172.88034057617188,207.55833435058594
2022-01-21,346.79425048828125,163.16281127929688,199.40512084960938
2022-01-24,341.266357421875,161.7959747314453,195.45437622070312
2022-01-25,330.8551025390625,157.8351287841797,195.59963989257812
2022-01-26,336.617431640625,156.61793518066406,199.3470001220703
2022-01-27,342.3504333496094,157.74533081054688,199.61814880371094
2022-01-28,373.5841979980469,163.1428680419922,220.77587890625
2022-01-31,377.3638916015625,171.54344177246094,219.00381469726562
2022-02-01,382.9113464355469,175.39453125,224.9977264404297
2022-02-02,387.49188232421875,132.26425170898438,227.9607391357422
2022-02-03,380.9677734375,124.01332092285156,224.20367431640625
2022-02-04,373.2814636230469,125.7892074584961,221.15347290039062
2022-02-07,367.35302734375,121.1299819946289,219.9624786376953
2022-02-08,365.6341552734375,119.98263549804688,220.71775817871094
2022-02-09,372.4708251953125,122.65645599365234,223.55487060546875
2022-02-10,365.6537170410156,118.74549102783203,218.79754638671875
2022-02-11,361.1414794921875,115.02409362792969,217.92466735839844
2022-02-14,365.42901611328125,113.85679626464844,218.55511474609375
2022-02-15,372.6368408203125,115.1937026977539,220.96043395996094
2022-02-16,373.9944152832031,110.28504943847656,221.9302978515625
2022-02-17,364.97979736328125,104.95736694335938,217.8470916748047
2022-02-18,361.3173828125,103.41094207763672,215.9849090576172
2022-02-22,359.6960144042969,102.93204498291016,214.65614318847656
2022-02-23,352.80078125,100.48770141601562,209.44784545898438
2022-02-24,360.7605895996094,104.77777862548828,210.7572021484375
2022-02-25,360.4773254394531,110.68412780761719,212.6678924560547
2022-02-28,352.400390625,111.67184448242188,209.6127166748047
2022-03-01,336.441650390625,106.26435089111328,202.67803955078125
2022-03-02,336.0607604980469,106.3641128540039,202.20277404785156
2022-03-03,333.0331115722656,101.10626220703125,200.99038696289062
2022-03-04,323.0417785644531,99.67957305908203,194.2593536376953
2022-03-07,305.61810302734375,93.39409637451172,184.9581298828125
2022-03-08,306.9950866699219,94.68112182617188,185.93768310546875
2022-03-09,320.47314453125,99.98885345458984,193.7453155517578
2022-03-10,317.01580810546875,98.32270812988281,192.0092315673828
2022-03-11,317.2110900878906,96.3472671508789,190.78713989257812
2022-03-14,320.92236328125,96.6465835571289,194.29815673828125
2022-03-15,327.182861328125,100.2282943725586,199.93319702148438
2022-03-16,336.6369323730469,107.67108917236328,205.4906768798828
2022-03-17,338.3559265136719,111.90132141113281,207.02308654785156
2022-03-18,341.92071533203125,118.49606323242188,212.51271057128906
2022-03-21,337.51593017578125,114.38557434082031,210.5050506591797
2022-03-22,341.37384033203125,117.59814453125,211.89198303222656
2022-03-23,334.1952819824219,114.38557434082031,208.21609497070312
2022-03-24,341.1980285644531,115.7823486328125,210.7669219970703
2022-03-25,340.87567138671875,113.49762725830078,211.8531494140625
2022-03-28,342.3114013671875,115.90206146240234,214.12271118164062
2022-03-29,358.9732360839844,120.9005126953125,221.2514190673828
2022-03-30,353.7872009277344,118.21671295166016,217.2069549560547
2022-03-31,349.0406494140625,115.38326263427734,215.0926055908203
2022-04-01,355.47686767578125,116.40090942382812,219.54440307617188
2022-04-04,358.3482360839844,121.57894134521484,220.8828125
2022-04-05,354.842041015625,117.37865447998047,219.2825469970703
2022-04-06,345.29998779296875,112.23055267333984,212.4157257080078
2022-04-07,341.86712646484375,112.77928161621094,209.641845703125
2022-04-08,344.5273742675781,110.95350646972656,210.44683837890625
2022-04-11,339.7350158691406,109.55673217773438,208.2839813232422
2022-04-12,338.19952392578125,108.00033569335938,205.03482055664062
2022-04-13,347.334228515625,104.92743682861328,206.84852600097656
2022-04-14,349.9554138183594,102.07402801513672,206.38296508789062
2022-04-18,348.9577941894531,100.3480224609375,206.7515411376953
2022-04-19,355.8723449707031,103.4209213256836,209.20535278320312
2022-04-20,357.2611999511719,94.68112182617188,211.23245239257812
2022-04-21,356.4298095703125,89.19380950927734,209.9327850341797
2022-04-22,343.4613037109375,85.83158111572266,201.90208435058594
2022-04-25,346.80621337890625,87.57754516601562,203.62850952148438
2022-04-26,336.5467224121094,83.50695037841797,195.0449981689453
2022-04-27,353.62298583984375,82.41947174072266,207.66326904296875
2022-04-28,370.5035705566406,91.87760162353516,214.01600646972656
2022-04-29,355.3931579589844,87.7271957397461,206.71278381347656
2022-05-02,351.1485595703125,91.31889343261719,205.1609649658203
2022-05-03,349.926025390625,90.50078582763672,202.28033447265625
2022-05-04,360.420166015625,92.50614929199219,208.0609130859375
2022-05-05,345.60321044921875,85.23296356201172,199.06033325195312
2022-05-06,339.4905090332031,81.49161529541016,196.7132110595703
2022-05-09,320.781005859375,79.34657287597656,187.18885803222656
2022-05-10,318.179443359375,78.56837463378906,187.75137329101562
2022-05-11,318.7076110839844,74.99662780761719,190.7968292236328
2022-05-12,314.17926025390625,74.11865997314453,188.4889678955078
2022-05-13,325.48529052734375,78.64818572998047,193.600341796875
2022-05-16,322.4827880859375,77.47090911865234,192.220458984375
2022-05-17,331.41204833984375,79.5660629272461,198.23556518554688
2022-05-18,328.5171813964844,77.00199127197266,194.33885192871094
2022-05-19,324.91802978515625,81.09253692626953,191.79287719726562
2022-05-20,328.7910461425781,80.35424041748047,193.40599060058594
2022-05-23,340.77178955078125,80.99276733398438,201.69496154785156
2022-05-24,333.20184326171875,78.4686050415039,196.9042510986328
2022-05-25,337.1824951171875,79.93521118164062,198.080078125
2022-05-26,342.19964599609375,80.2345199584961,202.65695190429688
2022-05-27,349.9162902832031,85.01347351074219,206.8646240234375
2022-05-31,350.00421142578125,85.01347351074219,206.1746826171875
2022-06-01,349.21209716796875,82.2897720336914,203.99795532226562
2022-06-02,355.0997314453125,88.11629486083984,208.97329711914062
2022-06-03,349.9554138183594,86.33042907714844,206.64112854003906
2022-06-06,352.22442626953125,86.60977935791016,206.92291259765625
2022-06-07,356.0191345214844,88.38567352294922,208.4388427734375
2022-06-08,354.3662109375,87.30816650390625,207.4671173095703
2022-06-09,341.3291931152344,83.91600799560547,200.28591918945312
2022-06-10,327.3924255371094,79.11710357666016,193.87242126464844
2022-06-13,312.7122802734375,73.54997253417969,186.82728576660156
2022-06-14,315.0595397949219,72.29287719726562,188.05166625976562
2022-06-15,318.2381591796875,75.65510559082031,190.61705017089844
2022-06-16,301.9931640625,71.06571960449219,183.70802307128906
2022-06-17,303.86126708984375,72.73186492919922,184.64085388183594
2022-06-21,310.423828125,72.20308685302734,188.8970947265625
2022-06-22,309.2012634277344,72.80170440673828,188.3432159423828
2022-06-23,309.79779052734375,73.63976287841797,191.08351135253906
2022-06-24,323.2358093261719,77.50083923339844,199.70286560058594
2022-06-27,321.6025390625,75.76485443115234,197.80795288085938
2022-06-28,311.2942199707031,71.65435028076172,192.52169799804688
2022-06-29,315.4996643066406,71.30516052246094,193.8626708984375
2022-06-30,308.54595947265625,69.67891693115234,191.3264617919922
2022-07-01,311.24530029296875,71.23532104492188,193.55174255371094
2022-07-05,312.24285888671875,74.22840881347656,194.87332153320312
2022-07-06,313.1328430175781,73.07107543945312,195.4368896484375
2022-07-07,317.43304443359375,74.86692810058594,197.06947326660156
2022-07-08,316.443603515625,73.2606430053711,197.8177032470703
2022-07-11,317.5505065917969,70.3074722290039,199.26559448242188
2022-07-12,316.2477722167969,71.26525115966797,199.03236389160156
2022-07-13,316.7472839355469,71.19541931152344,198.38125610351562
2022-07-14,318.373291015625,69.38959503173828,200.09156799316406
2022-07-15,325.7588806152344,73.73954010009766,204.10487365722656
2022-07-18,324.2308654785156,73.95902252197266,201.35487365722656
2022-07-19,333.4089660644531,77.56069946289062,207.62257385253906
2022-07-20,334.28076171875,80.054931640625,207.34075927734375
2022-07-21,339.8149719238281,82.55914306640625,210.08111572265625
2022-07-22,336.8372497558594,80.86306762695312,207.6614532470703
2022-07-25,337.1605529785156,81.46168518066406,208.21533203125
2022-07-26,334.2904357910156,76.86231231689453,206.4856414794922
2022-07-27,336.2397766113281,86.2206802368164,204.52272033691406
2022-07-28,345.2317810058594,85.66197204589844,205.3778533935547
2022-07-29,346.5443115234375,86.33042907714844,206.11636352539062
2022-08-01,343.36090087890625,88.36073303222656,205.38755798339844
2022-08-02,341.8621520996094,89.42327117919922,200.43170166015625
2022-08-03,346.8772888183594,97.69415283203125,202.58895874023438
2022-08-04,348.77764892578125,96.7563247680664,207.4379425048828
2022-08-05,350.18804931640625,95.10015106201172,209.77012634277344
2022-08-08,344.9477233886719,96.0379867553711,207.29220581054688
2022-08-09,339.4427795410156,94.26209259033203,204.31863403320312
2022-08-10,346.1427001953125,98.68187713623047,206.10667419433594
2022-08-11,343.3999938964844,98.88141632080078,205.47877502441406
2022-08-12,347.0144958496094,100.8668212890625,205.72213745117188
2022-08-15,352.5780944824219,101.27587890625,210.67706298828125
2022-08-16,351.8924865722656,101.84456634521484,211.3779754638672
2022-08-17,348.05279541015625,99.1906967163086,208.82748413085938
2022-08-18,350.0411682128906,99.62968444824219,209.53811645507812
2022-08-19,347.02423095703125,96.33728790283203,207.17263793945312
2022-08-22,338.433837890625,93.36416625976562,203.07431030273438
2022-08-23,333.9085693359375,92.98503875732422,201.31231689453125
2022-08-24,332.75262451171875,93.54375457763672,201.18582153320312
2022-08-25,337.611083984375,96.4969253540039,204.25222778320312
2022-08-26,325.161376953125,92.48619079589844,197.506103515625
2022-08-29,322.6048889160156,92.4462890625,196.96096801757812
2022-08-30,321.09637451171875,91.58827209472656,196.03616333007812
2022-08-31,317.7267761230469,93.22449493408203,193.43704223632812
2022-09-01,318.5888366699219,92.4462890625,194.81936645507812
2022-09-02,315.95391845703125,90.91981506347656,192.51226806640625
2022-09-06,317.4427490234375,91.40369415283203,193.368896484375
2022-09-07,321.8897705078125,94.75096130371094,195.1016387939453
2022-09-08,323.3101501464844,95.94818878173828,195.38394165039062
2022-09-09,328.97174072265625,96.008056640625,199.75482177734375
2022-09-12,331.4891357421875,97.4247817993164,201.14688110351562
2022-09-13,318.77496337890625,94.7908706665039,194.37155151367188
2022-09-14,319.17657470703125,97.43476104736328,194.1184844970703
2022-09-15,310.4686279296875,96.17766571044922,190.18565368652344
2022-09-16,308.6761169433594,93.78319549560547,188.17059326171875
2022-09-19,307.5986022949219,94.81082153320312,188.00511169433594
2022-09-20,306.8541564941406,91.41866302490234,186.9731903076172
2022-09-21,298.2638244628906,90.9697036743164,182.0572509765625
2022-09-22,292.24951171875,87.45782470703125,180.85987854003906
2022-09-23,287.5673828125,86.76941680908203,179.0784454345703
2022-09-26,284.1684875488281,84.06566619873047,175.79786682128906
2022-09-27,280.6128234863281,85.5522232055664,173.1500244140625
2022-09-28,284.23699951171875,90.90984344482422,174.42526245117188
2022-09-29,280.89691162109375,88.49542236328125,175.28192138671875
2022-09-30,278.5166320800781,85.87149047851562,172.9358673095703
2022-10-03,284.5308837890625,86.97892761230469,176.82974243164062
2022-10-04,295.099853515625,92.57598876953125,180.72357177734375
2022-10-05,297.9699401855469,93.61359405517578,182.68997192382812
2022-10-06,293.5746154785156,94.20222473144531,180.66517639160156
2022-10-07,289.3951110839844,89.96202850341797,178.9518585205078
2022-10-10,286.2654113769531,84.32505798339844,177.34568786621094
2022-10-11,280.6436462402344,82.89836120605469,174.38632202148438
2022-10-12,278.024169921875,83.61669921875,173.51023864746094
2022-10-13,288.4041748046875,83.8461685180664,179.7598419189453
2022-10-14,283.2337951660156,80.28440856933594,177.7739715576172
2022-10-17,289.4637756347656,84.4647445678711,180.334228515625
2022-10-18,294.702880859375,85.0932846069336,182.2032470703125
2022-10-19,292.13232421875,84.27517700195312,181.4634246826172
2022-10-20,290.68035888671875,84.58446502685547,182.2519073486328
2022-10-21,296.6552734375,83.74640655517578,185.31832885742188
2022-10-24,299.8241882324219,83.1278305053711,185.64932250976562
2022-10-25,305.5243835449219,89.03417205810547,189.22193908691406
2022-10-26,313.4713134765625,88.34577178955078,197.93441772460938
2022-10-27,313.33392333984375,87.1485366821289,198.8689727783203
2022-10-28,323.2430419921875,86.05107116699219,203.78497314453125
2022-10-31,321.97735595703125,83.3872299194336,201.6627960205078
2022-11-01,326.89276123046875,82.9183120727539,201.4388885498047
2022-11-02,313.77545166015625,79.26675415039062,195.61756896972656
2022-11-03,303.32672119140625,76.37345123291016,189.58209228515625
2022-11-04,312.35284423828125,75.00660705566406,191.75291442871094
2022-11-07,318.9850769042969,77.48088836669922,194.79013061523438
2022-11-08,319.59332275390625,80.94287872314453,196.42556762695312
2022-11-09,309.6744384765625,78.49853515625,189.205810546875
2022-11-10,330.8955383300781,86.59980773925781,200.56228637695312
2022-11-11,332.87744140625,90.8200454711914,200.00616455078125
2022-11-14,332.9559631347656,89.30355834960938,201.82086181640625
2022-11-15,337.0176696777344,89.65274810791016,204.87460327148438
2022-11-16,336.2818908691406,86.83924865722656,205.0209503173828
2022-11-17,334.820068359375,85.4424819946289,205.85023498535156
2022-11-18,337.1942443847656,84.72413635253906,205.66488647460938
2022-11-21,331.8570556640625,80.44403076171875,201.2939910888672
2022-11-22,338.4403076171875,79.72570037841797,205.20631408691406
2022-11-23,342.0506896972656,80.56375885009766,206.57225036621094
2022-11-25,344.6506652832031,79.89530181884766,208.58204650878906
2022-11-28,338.0772705078125,79.74565124511719,206.11367797851562
2022-11-29,336.6449279785156,77.46092987060547,203.96725463867188
2022-11-30,349.6640319824219,78.22915649414062,211.71385192871094
2022-12-01,353.98095703125,78.348876953125,211.71385192871094
2022-12-02,353.2549133300781,74.48780822753906,212.3577423095703
2022-12-05,349.3598937988281,73.45020294189453,208.47470092773438
2022-12-06,340.961669921875,72.06341552734375,203.98678588867188
2022-12-07,340.85382080078125,74.24835205078125,202.7476806640625
2022-12-08,344.53289794921875,74.04882049560547,204.00628662109375
2022-12-09,342.23712158203125,73.40031433105469,203.61602783203125
2022-12-12,351.400634765625,73.62979125976562,209.362548828125
2022-12-13,350.39990234375,73.53001403808594,207.8502960205078
2022-12-14,350.7530517578125,72.46248626708984,208.12351989746094
2022-12-15,339.70587158203125,69.60907745361328,202.8452606201172
2022-12-16,339.3035888671875,69.10025787353516,201.8501434326172
2022-12-19,334.8101806640625,68.79096984863281,199.83056640625
2022-12-20,336.46826171875,68.6014175415039,200.35739135742188
2022-12-21,339.1565246582031,69.05036926269531,201.77207946777344
2022-12-22,335.0653381347656,68.41184997558594,200.06472778320312
2022-12-23,337.10601806640625,68.87078857421875,200.8159637451172
2022-12-27,339.6175842285156,68.17240905761719,201.2647705078125
2022-12-28,335.4872131347656,67.39420318603516,199.9963836669922
2022-12-29,341.6288146972656,70.39725494384766,202.99163818359375
2022-12-30,341.157958984375,71.05574035644531,202.6989288330078
2023-01-03,340.2454833984375,74.40798950195312,202.33792114257812
2023-01-04,348.437744140625,77.51081848144531,207.43077087402344
2023-01-05,345.12158203125,76.09408569335938,205.9673309326172
2023-01-06,361.30645751953125,76.3036117553711,212.44557189941406
2023-01-09,364.54931640625,76.9022216796875,213.27488708496094
2023-01-10,364.58868408203125,77.74028015136719,215.70419311523438
2023-01-11,371.3200988769531,78.35885620117188,216.68960571289062
2023-01-12,373.2364196777344,79.59599304199219,218.1725616455078
2023-01-13,369.0206298828125,79.29669189453125,217.62623596191406
2023-01-17,368.5096435546875,79.99507141113281,217.56768798828125
2023-01-18,362.53485107421875,77.1316909790039,214.11392211914062
2023-01-19,361.5718078613281,76.57298278808594,215.04078674316406
2023-01-20,369.7674865722656,78.90758514404297,218.8457489013672
2023-01-23,372.01788330078125,79.31664276123047,218.71893310546875
2023-01-24,373.4329833984375,79.3964614868164,218.4359893798828
2023-01-25,375.7717590332031,78.91756439208984,219.42138671875
2023-01-26,370.7109069824219,80.62361907958984,219.2360382080078
2023-01-27,367.55645751953125,81.64126586914062,225.80209350585938
2023-01-30,364.69683837890625,79.45631408691406,223.51905822753906
2023-01-31,364.185791015625,81.30204772949219,224.60203552246094
2023-02-01,367.6055908203125,82.71878051757812,225.27523803710938
2023-02-02,368.4506530761719,86.75943756103516,223.9678955078125
2023-02-03,367.4384765625,85.32275390625,224.5240020751953
2023-02-06,366.5148010253906,82.1401138305664,223.8507843017578
2023-02-07,368.56866455078125,83.03804016113281,225.68504333496094
2023-02-08,363.9401550292969,79.5361328125,224.59228515625
2023-02-09,364.0089416503906,78.23912811279297,224.20126342773438
2023-02-10,360.48101806640625,80.6136474609375,222.09950256347656
2023-02-13,364.41180419921875,79.26675415039062,223.7418212890625
2023-02-14,363.5568542480469,77.0818099975586,224.24037170410156
2023-02-15,363.242431640625,77.73030853271484,223.78091430664062
2023-02-16,361.1885681152344,76.55303192138672,220.76028442382812
2023-02-17,354.87969970703125,74.48780822753906,218.54122924804688
2023-02-21,349.7991638183594,75.06646728515625,215.66720581054688
2023-02-22,348.8263244628906,75.30591583251953,215.08070373535156
2023-02-23,349.3765869140625,75.01658630371094,216.16580200195312
2023-02-24,347.00830078125,73.38036346435547,214.62127685546875
2023-02-27,349.3275451660156,73.599853515625,215.4033203125
2023-02-28,349.14080810546875,73.43024444580078,215.0025177001953
2023-03-01,347.38177490234375,73.64974212646484,213.4579620361328
2023-03-02,349.4158935546875,73.92909240722656,214.1422576904297
2023-03-03,355.2432556152344,76.11404418945312,218.74652099609375
2023-03-06,360.579345703125,76.60291290283203,221.6596221923828
2023-03-07,353.71026611328125,74.73722839355469,218.15997314453125
2023-03-08,352.8160095214844,75.66507720947266,217.20201110839844
2023-03-09,348.30548095703125,75.75487518310547,215.07093811035156
2023-03-10,341.1023254394531,73.2606430053711,211.28782653808594
2023-03-13,338.743896484375,72.44253540039062,209.65530395507812
2023-03-14,346.7135314941406,73.07107543945312,213.75125122070312
2023-03-15,342.0555725097656,73.73954010009766,211.5126495361328
2023-03-16,341.9768981933594,74.17852020263672,212.5684051513672
2023-03-17,343.60821533203125,72.8216552734375,212.509765625
2023-03-20,343.27410888671875,73.04114532470703,213.252685546875
2023-03-21,348.4332580566406,76.54305267333984,216.9674072265625
2023-03-22,344.9544982910156,74.16854095458984,215.10025024414062
2023-03-23,348.2366943359375,72.39264678955078,217.59300231933594
2023-03-24,345.544189453125,73.70960235595703,216.0778045654297
2023-03-27,348.48236083984375,73.13094329833984,216.83055114746094
2023-03-28,348.1974182128906,72.53231811523438,215.38375854492188
2023-03-29,353.30743408203125,74.0089111328125,218.2870635986328
2023-03-30,353.0420227050781,74.21842956542969,217.3681640625
2023-03-31,357.1202392578125,75.76485443115234,220.39859008789062
2023-04-03,360.1272888183594,75.11634826660156,223.85910034179688
2023-04-04,357.6017761230469,75.08642578125,222.54922485351562
2023-04-05,358.0545349121094,73.44022369384766,223.04776000976562
2023-04-06,355.7710876464844,74.787109375,220.91668701171875
2023-04-10,354.4620666503906,74.3481216430664,221.34683227539062
2023-04-11,358.3891296386719,73.41029357910156,223.32147216796875
2023-04-12,356.076171875,73.33048248291016,222.69583129882812
2023-04-13,363.82208251953125,75.34581756591797,227.46627807617188
2023-04-14,366.55828857421875,76.3534927368164,228.7664337158203
2023-04-17,366.8830871582031,77.15164947509766,228.23855590820312
2023-04-18,366.45001220703125,76.24374389648438,228.35586547851562
2023-04-19,366.92242431640625,75.14627838134766,227.34898376464844
2023-04-20,369.0877990722656,73.41029357910156,229.33340454101562
2023-04-21,369.323974609375,74.0089111328125,228.79574584960938
2023-04-24,368.822021484375,74.11865997314453,227.53469848632812
2023-04-25,362.71978759765625,71.61444854736328,224.4358673095703
2023-04-26,360.9776916503906,71.893798828125,223.0281524658203
2023-04-27,367.77874755859375,74.09870147705078,223.86886596679688
2023-04-28,374.03851318359375,75.82471466064453,227.50537109375
2023-05-01,373.8711242675781,74.936767578125,227.29029846191406
2023-05-02,370.10150146484375,72.11328887939453,221.8844757080078
2023-05-03,368.9892578125,71.26525115966797,220.90692138671875
2023-05-04,370.1901550292969,71.64437866210938,220.53543090820312
2023-05-05,378.595458984375,74.79708862304688,226.5767059326172
2023-05-08,379.43206787109375,75.34581756591797,227.01658630371094
2023-05-09,376.9026184082031,65.75299835205078,228.02346801757812
2023-05-10,376.5089416503906,63.233821868896484,226.07818603515625
2023-05-11,377.3454895019531,64.03197479248047,226.26422119140625
2023-05-12,375.8987121582031,61.5477180480957,226.62667846679688
2023-05-15,377.36517333984375,62.10642623901367,228.0272674560547
2023-05-16,374.2451477050781,60.65977096557617,225.73533630371094
2023-05-17,380.8985595703125,61.3182487487793,227.8705596923828
2023-05-18,385.8393859863281,61.12868881225586,228.8010711669922
2023-05-19,379.4911193847656,60.77949142456055,228.5170135498047
2023-05-22,378.4675598144531,62.88462448120117,226.5286865234375
2023-05-23,367.85748291015625,61.85700225830078,219.96636962890625
2023-05-24,362.69024658203125,61.65746307373047,217.6842041015625
2023-05-25,364.2059326171875,59.23306655883789,218.7909698486328
2023-05-26,368.4676513671875,60.08110809326172,220.3875274658203
2023-05-30,361.7060241699219,61.90688705444336,217.08676147460938
2023-05-31,359.26507568359375,61.84702682495117,216.48927307128906
2023-06-01,365.03271484375,62.904579162597656,221.84693908691406
2023-06-02,367.83782958984375,63.81248092651367,224.08985900878906
2023-06-05,364.678466796875,64.36121368408203,222.11138916015625
2023-06-06,373.96954345703125,64.87003326416016,223.53158569335938
2023-06-07,365.5346984863281,63.89229965209961,220.64218139648438
2023-06-08,361.7945556640625,64.09183502197266,218.46778869628906
2023-06-09,363.39886474609375,63.34356689453125,218.96730041503906
2023-06-12,369.3928527832031,63.583011627197266,221.52369689941406
2023-06-13,365.5248718261719,63.41340637207031,218.81060791015625
2023-06-14,368.8515319824219,63.453311920166016,218.84979248046875
2023-06-15,373.0640563964844,65.6981201171875,221.52369689941406
2023-06-16,370.5936584472656,66.27678680419922,224.2073974609375
2023-06-20,368.7137451171875,68.73110961914062,221.81752014160156
2023-06-21,370.2098388671875,68.03273010253906,222.5814971923828
2023-06-22,371.8435974121094,68.41184997558594,223.69810485839844
2023-06-23,373.8219299316406,66.78561401367188,224.83425903320312
2023-06-26,371.4696044921875,66.2867660522461,221.65103149414062
2023-06-27,375.77069091796875,66.0772476196289,222.66964721679688
2023-06-28,374.2353210449219,65.8777084350586,223.2769012451172
2023-06-29,381.5579833984375,65.70809936523438,229.50628662109375
2023-06-30,387.0992431640625,66.57609558105469,232.60134887695312
2023-07-03,387.7487487792969,67.94293212890625,233.08128356933594
2023-07-05,388.5066833496094,68.69120025634766,234.53086853027344
2023-07-06,387.5013427734375,65.98745727539062,233.9726104736328
2023-07-07,383.1053466796875,66.63595581054688,231.59249877929688
2023-07-10,386.5354309082031,69.12020874023438,233.2673797607422
2023-07-11,392.0945129394531,70.45712280273438,235.60829162597656
2023-07-12,394.94305419921875,70.42718505859375,237.23419189453125
2023-07-13,394.81488037109375,72.22303771972656,238.3115997314453
2023-07-14,396.7369384765625,71.93370819091797,238.1646728515625
2023-07-17,396.431396484375,73.32050323486328,238.97763061523438
2023-07-18,392.4493103027344,74.19847869873047,235.82376098632812
2023-07-19,392.5577392578125,74.04882049560547,236.4604034423828
2023-07-20,392.3507995605469,72.8515853881836,234.69740295410156
2023-07-21,391.7889404296875,72.8216552734375,234.33499145507812
2023-07-24,398.9842834472656,73.5200424194336,235.79437255859375
2023-07-25,395.5245361328125,72.7917251586914,233.7864990234375
2023-07-26,396.63836669921875,73.2606430053711,232.22914123535156
2023-07-27,388.8418884277344,71.8638687133789,229.62379455566406
2023-07-28,387.3239440917969,73.80937194824219,230.9068603515625
2023-07-31,388.62493896484375,75.64512634277344,232.84620666503906
2023-08-01,391.37493896484375,75.35579681396484,234.85409545898438
2023-08-02,384.4261169433594,73.03116607666016,232.67971801757812
2023-08-03,387.3731994628906,64.03197479248047,233.85504150390625
2023-08-04,385.737060546875,62.60527420043945,234.08033752441406
2023-08-07,391.17779541015625,64.27142333984375,236.54856872558594
2023-08-08,387.5506286621094,63.04425811767578,234.37416076660156
2023-08-09,388.0237731933594,61.876956939697266,234.8345184326172
2023-08-10,391.4440002441406,62.64518356323242,235.6686248779297
2023-08-11,389.31494140625,61.39806365966797,235.5508575439453
2023-08-14,392.8633117675781,63.12407302856445,238.3573455810547
2023-08-15,388.7925720214844,59.33283996582031,235.3448028564453
2023-08-16,388.71368408203125,59.542354583740234,234.81488037109375
2023-08-17,386.9887390136719,58.46484375,232.93077087402344
2023-08-18,386.5452880859375,59.28295135498047,233.71585083007812
2023-08-21,387.56048583984375,59.372745513916016,234.981689453125
2023-08-22,392.13397216796875,60.83935546875,236.0709686279297
2023-08-23,395.3077392578125,61.6175537109375,237.7686004638672
2023-08-24,391.96636962890625,60.569976806640625,234.99151611328125
2023-08-25,397.1114501953125,61.04887008666992,238.0335693359375
2023-08-28,401.59625244140625,61.52776336669922,239.26998901367188
2023-08-29,405.745849609375,62.35585021972656,240.75173950195312
2023-08-30,407.97344970703125,63.27372741699219,241.62510681152344
2023-08-31,406.7216491699219,62.36582565307617,241.0853729248047
2023-09-01,409.609619140625,63.42338180541992,243.46994018554688
2023-09-05,405.5980224609375,63.59299087524414,240.75173950195312
2023-09-06,407.2539367675781,62.65515899658203,241.556396484375
2023-09-07,408.6732482910156,61.5078125,242.51808166503906
2023-09-08,408.89007568359375,60.83935546875,242.6652374267578
2023-09-11,410.7135925292969,61.787166595458984,242.59654235839844
2023-09-12,410.2995300292969,62.66513442993164,242.6750946044922
2023-09-13,410.32916259765625,62.695064544677734,243.19517517089844
2023-09-14,407.4115905761719,64.29137420654297,236.98355102539062
2023-09-15,408.36773681640625,64.06190490722656,236.5615997314453
2023-09-18,411.14727783203125,62.79483413696289,240.08444213867188
2023-09-19,407.59893798828125,62.04656219482422,239.00503540039062
2023-09-20,404.6320495605469,60.71963119506836,237.33680725097656
2023-09-21,397.5747375488281,58.484798431396484,232.18502807617188
2023-09-22,396.45111083984375,57.74650573730469,230.68362426757812
2023-09-25,396.71722412109375,58.724246978759766,228.99575805664062
2023-09-26,389.709228515625,58.79408264160156,225.35516357421875
2023-09-27,389.8078308105469,57.2077522277832,225.2079620361328
2023-09-28,393.7109680175781,58.045814514160156,227.32760620117188
2023-09-29,390.2315673828125,58.32516860961914,225.70843505859375
2023-10-02,390.1724548339844,58.4249382019043,226.9448699951172
2023-10-03,385.4511413574219,57.167842864990234,224.53085327148438
2023-10-04,388.1124267578125,58.434913635253906,226.89581298828125
2023-10-05,389.1094055175781,57.34742736816406,229.113525390625
2023-10-06,392.8306884765625,57.63676071166992,230.64437866210938
2023-10-09,389.6424255371094,57.82632064819336,230.0555877685547
2023-10-10,395.19970703125,57.586875915527344,232.17520141601562
2023-10-11,394.6469421386719,57.936065673828125,231.2723846435547
2023-10-12,394.7357482910156,56.22502136230469,232.351806640625
2023-10-13,392.8899230957031,55.62141799926758,233.22515869140625
2023-10-16,395.9794921875,56.868534088134766,235.58030700683594
2023-10-17,396.58160400390625,57.028167724609375,236.6891632080078
2023-10-18,388.1322021484375,55.671302795410156,233.0289306640625
2023-10-19,382.8611755371094,54.68358612060547,229.4373779296875
2023-10-20,379.4458312988281,53.26686096191406,229.01541137695312
2023-10-23,378.7154235839844,53.326725006103516,227.20001220703125
2023-10-24,381.9135437011719,54.11490249633789,230.26162719726562
2023-10-25,381.3212585449219,51.371246337890625,232.42050170898438
2023-10-26,359.8817443847656,51.63064193725586,226.95465087890625
2023-10-27,359.3783874511719,50.273780822753906,224.98228454589844
2023-10-30,367.61065673828125,50.93225860595703,228.72097778320312
2023-10-31,371.48992919921875,51.68052673339844,230.7032470703125
2023-11-01,372.9409484863281,51.54085159301758,234.11817932128906
2023-11-02,377.74798583984375,54.93301010131836,238.7008514404297
2023-11-03,381.0646667480469,55.97060775756836,239.04429626464844
2023-11-06,381.1732482910156,54.494022369384766,238.93634033203125
2023-11-07,383.8482360839844,54.50400161743164,240.19241333007812
2023-11-08,384.6675109863281,54.952964782714844,239.85804748535156
2023-11-09,382.95001220703125,54.154808044433594,237.62576293945312
2023-11-10,389.2870788574219,54.643680572509766,241.17579650878906
2023-11-13,389.25750732421875,54.26455307006836,240.60540771484375
2023-11-14,392.5148010253906,56.54927444458008,242.8376922607422
2023-11-15,391.70538330078125,58.11565399169922,243.98826599121094
2023-11-16,391.971923828125,56.68894958496094,244.4406280517578
2023-11-17,395.1306457519531,56.40959548950195,245.4141845703125
2023-11-20,399.17767333984375,56.858558654785156,245.81736755371094
2023-11-21,403.6689147949219,55.2722282409668,248.03982543945312
2023-11-22,405.0310974121094,56.21005630493164,249.5050811767578
2023-11-24,407.1730651855469,55.63139343261719,250.075439453125
2023-11-27,403.68865966796875,56.25994110107422,249.9180908203125
2023-11-28,403.7281799316406,58.33514404296875,248.738037109375
2023-11-29,404.5277099609375,57.836299896240234,250.00657653808594
2023-11-30,408.48590087890625,57.47712707519531,252.41587829589844
2023-12-01,409.009033203125,59.51242446899414,252.1897430419922
2023-12-04,402.9582214355469,59.71195983886719,250.21310424804688
2023-12-05,403.4123229980469,57.78641128540039,250.3802947998047
2023-12-06,405.0804138183594,59.3927001953125,250.06558227539062
2023-12-07,407.81463623046875,58.34511947631836,251.57020568847656
2023-12-08,406.83746337890625,58.80405807495117,251.4915008544922
2023-12-11,410.3415832519531,58.903831481933594,252.25857543945312
2023-12-12,415.3164978027344,58.75417709350586,255.248046875
2023-12-13,419.1957702636719,61.587623596191406,258.021240234375
2023-12-14,413.15478515625,61.72730255126953,254.4318389892578
2023-12-15,413.1647033691406,61.118709564208984,253.74349975585938
2023-12-18,418.94903564453125,61.32822799682617,254.07781982421875
2023-12-19,419.9755859375,62.86467361450195,255.6708984375
2023-12-20,414.0333557128906,61.59760284423828,252.83872985839844
2023-12-21,417.9718017578125,61.916866302490234,255.22840881347656
2023-12-22,418.623291015625,61.69737243652344,254.1368408203125
2023-12-26,418.1988220214844,62.415714263916016,254.854736328125
2023-12-27,418.8799133300781,62.53543472290039,254.6285400390625
2023-12-28,420.8146057128906,62.934513092041016,256.07403564453125
2023-12-29,421.00213623046875,61.26836395263672,256.02490234375
2024-01-02,416.44183349609375,61.3182487487793,254.56951904296875
2024-01-03,413.362060546875,58.49477767944336,253.69430541992188
2024-01-04,414.3491516113281,58.31519317626953,255.29721069335938
2024-01-05,414.0036926269531,59.98133850097656,255.37588500976562
2024-01-08,417.1871643066406,61.59760284423828,258.1785583496094
2024-01-09,417.8000793457031,60.90919494628906,258.9554443359375
2024-01-10,423.40570068359375,60.819400787353516,260.16497802734375
2024-01-11,421.8732604980469,61.208499908447266,259.6437683105469
2024-01-12,424.2262878417969,60.859310150146484,259.7815246582031
2024-01-16,423.48480224609375,58.31519317626953,260.83367919921875
2024-01-17,422.56536865234375,59.751869201660156,262.2005615234375
2024-01-18,425.8279113769531,61.94679641723633,263.6855163574219
2024-01-19,431.81903076171875,65.6681900024414,266.399658203125
2024-01-22,434.75531005859375,63.59299087524414,266.6947021484375
2024-01-23,433.7765197753906,64.6305923461914,266.75372314453125
2024-01-24,433.71722412109375,62.87465286254883,267.13720703125
2024-01-25,431.8387756347656,60.569976806640625,268.0812683105469
2024-01-26,433.54913330078125,61.637508392333984,263.4888000488281
2024-01-29,435.5758361816406,63.61294174194336,269.1138610839844
2024-01-30,440.13348388671875,63.53312683105469,272.54583740234375
2024-01-31,444.12762451171875,61.208499908447266,268.7204284667969
2024-02-01,455.6848449707031,61.876956939697266,272.447509765625
2024-02-02,455.34869384765625,62.276031494140625,272.57537841796875
2024-02-05,451.5721435546875,61.39806365966797,271.0019226074219
2024-02-06,455.26959228515625,63.56305694580078,272.1623229980469
2024-02-07,456.6636657714844,63.094146728515625,274.7486572265625
2024-02-08,453.0550842285156,56.00054168701172,271.7043151855469
2024-02-09,452.679443359375,58.77412796020508,272.34466552734375
2024-02-12,453.4999694824219,59.95140838623047,271.0047912597656
2024-02-13,455.2300720214844,58.12562561035156,271.73388671875
2024-02-14,459.9064025878906,58.734222412109375,273.4579772949219
2024-02-15,465.92718505859375,59.56230926513672,276.827392578125
2024-02-16,462.81298828125,59.003597259521484,274.4432678222656
2024-02-20,446.6189880371094,58.49477767944336,271.0835876464844
2024-02-21,453.83612060546875,57.34742736816406,272.6697998046875
2024-02-22,466.2039794921875,58.21541976928711,279.5565490722656
2024-02-23,468.0429382324219,59.02355194091797,279.4087219238281
2024-02-26,469.1205139160156,59.19316482543945,279.9506530761719
2024-02-27,469.3577880859375,60.02124786376953,278.9851379394531
2024-02-28,473.41119384765625,60.11103820800781,281.40875244140625
2024-02-29,469.3677062988281,60.20083236694336,278.4629211425781
2024-03-01,471.2164001464844,60.40037155151367,278.9752197265625
2024-03-04,463.1688537597656,59.8416633605957,276.38409423828125
2024-03-05,462.2098693847656,58.13560485839844,275.2510986328125
2024-03-06,466.2435607910156,57.9859504699707,276.28558349609375
2024-03-07,462.22967529296875,58.365074157714844,274.14764404296875
2024-03-08,463.9301452636719,58.873897552490234,275.9013366699219
2024-03-11,463.831298828125,59.94143295288086,276.4136657714844
2024-03-12,467.4991455078125,59.891544342041016,279.7240295410156
2024-03-13,470.2079772949219,62.305965423583984,280.92596435546875
2024-03-14,474.0340576171875,62.854698181152344,282.1772155761719
2024-03-15,470.4255065917969,62.705039978027344,278.8570251464844
2024-03-18,473.4507751464844,64.08186340332031,280.8372497558594
2024-03-19,478.5027160644531,62.86467361450195,283.10333251953125
2024-03-20,482.496826171875,64.89997100830078,285.0048522949219
2024-03-21,483.0899963378906,65.98745727539062,286.07867431640625
2024-03-22,476.19921875,64.62061309814453,279.07379150390625
2024-03-25,470.6331481933594,65.8477783203125,277.0540771484375
2024-03-26,471.3844909667969,66.51622772216797,276.4530944824219
2024-03-27,472.52142333984375,66.41646575927734,274.8964538574219
2024-03-28,476.1003112792969,66.83549499511719,274.9555358886719
2024-04-01,472.96630859375,64.88001251220703,274.1673889160156
2024-04-02,473.9845886230469,64.51087188720703,274.324951171875
2024-04-03,471.9974670410156,65.18929290771484,272.86688232421875
2024-04-04,464.434326171875,64.39114379882812,269.95062255859375
2024-04-05,471.73052978515625,64.99974060058594,273.0442199707031
2024-04-08,474.06695556640625,66.1869888305664,273.6550598144531
2024-04-09,467.4437255859375,66.84547424316406,272.6304016113281
2024-04-10,464.483642578125,65.7280502319336,270.4234619140625
2024-04-11,463.6322326660156,65.64823913574219,271.60577392578125
2024-04-12,460.73150634765625,64.44102478027344,271.8816223144531
2024-04-15,455.19732666015625,63.36351776123047,267.27081298828125
2024-04-16,455.22698974609375,63.28370666503906,267.33978271484375
2024-04-17,455.5636291503906,63.11409378051758,268.6600036621094
2024-04-18,450.15814208984375,61.95677185058594,267.3594970703125
2024-04-19,450.84130859375,62.166290283203125,265.79296875
2024-04-22,452.1876525878906,63.04425811767578,268.3052978515625
2024-04-23,458.1970520019531,64.28140258789062,270.0589904785156
2024-04-24,457.8802795410156,64.6904525756836,270.95550537109375
2024-04-25,457.494140625,63.9521598815918,271.0934753417969
2024-04-26,457.8010559082031,65.80786895751953,270.4629211425781
2024-04-29,452.5342102050781,66.83549499511719,267.8224792480469
2024-04-30,446.69317626953125,67.76334381103516,264.6402282714844
2024-05-01,437.6543273925781,65.98745727539062,263.3693542480469
2024-05-02,436.6940002441406,66.82552337646484,263.6549987792969
2024-05-03,439.14923095703125,65.54846954345703,264.5220642089844
2024-05-06,444.88134765625,65.45867919921875,268.6402893066406
2024-05-07,448.5345458984375,65.76795959472656,272.374267578125
2024-05-08,450.22747802734375,63.6628303527832,273.0934753417969
2024-05-09,450.9402770996094,64.30134582519531,274.42352294921875
2024-05-10,452.4154052734375,62.78485870361328,276.5910339355469
2024-05-13,453.1876220703125,63.80250549316406,275.260986328125
2024-05-14,449.6631774902344,64.4310531616211,273.6353454589844
2024-05-15,453.4252014160156,63.752620697021484,277.3397521972656
2024-05-16,454.2865295410156,63.9521598815918,276.2145080566406
2024-05-17,455.6724853515625,64.33128356933594,276.47113037109375
2024-05-20,455.068603515625,64.62061309814453,274.931396484375
2024-05-21,454.5142517089844,63.9521598815918,272.3749694824219
2024-05-22,451.9599914550781,62.04656219482422,272.0097351074219
2024-05-23,446.7029724121094,61.43797302246094,270.6772155761719
2024-05-24,446.67333984375,61.497833251953125,270.9338684082031
2024-05-28,440.6342468261719,62.026607513427734,267.4693603515625
2024-05-29,438.0503234863281,60.90919494628906,265.3768005371094
2024-05-30,437.68402099609375,62.36582565307617,267.78515625
2024-05-31,442.6043701171875,62.844722747802734,268.93011474609375
2024-06-03,438.7631530761719,63.31363296508789,266.8771057128906
2024-06-04,440.3273010253906,63.183937072753906,268.8907165527344
2024-06-05,442.198486328125,63.38347244262695,270.9437255859375
2024-06-06,444.19830322265625,66.86542510986328,273.4508361816406
2024-06-07,445.29718017578125,67.14478302001953,275.0596923828125
2024-06-10,444.76263427734375,66.93525695800781,271.47674560546875
2024-06-11,444.5547180175781,64.62061309814453,271.1115417480469
2024-06-12,438.5750427246094,63.28370666503906,266.81787109375
2024-06-13,440.5550231933594,61.39806365966797,267.6765441894531
2024-06-14,440.1887512207031,60.49515151977539,267.1535339355469
2024-06-17,443.63397216796875,59.99131774902344,267.6568908691406
2024-06-18,445.6140441894531,58.983642578125,270.0751037597656
2024-06-20,447.9900817871094,59.66207504272461,273.233642578125
2024-06-21,450.3066711425781,60.470211029052734,271.6544189453125
2024-06-24,452.39556884765625,59.3527946472168,272.7203674316406
2024-06-25,451.09869384765625,59.19316482543945,269.98626708984375
2024-06-26,447.861328125,58.12562561035156,270.0553894042969
2024-06-27,438.3275451660156,58.235374450683594,263.13623046875
2024-06-28,436.75341796875,57.89616012573242,259.069580078125
2024-07-01,433.2388610839844,57.67667007446289,259.82958984375
2024-07-02,440.2085266113281,58.83399200439453,264.7549743652344
2024-07-03,443.70330810546875,59.502445220947266,265.505126953125
2024-07-05,445.0001525878906,59.622169494628906,266.8573303222656
2024-07-08,441.78265380859375,58.95371627807617,262.94866943359375
2024-07-09,440.91021728515625,58.863922119140625,262.00115966796875
2024-07-10,429.9444885253906,58.764156341552734,259.5926818847656
2024-07-11,432.7007141113281,59.85163879394531,259.1485290527344
2024-07-12,436.3592834472656,60.1309928894043,262.2972106933594
2024-07-15,440.21612548828125,60.33053207397461,264.9721374511719
2024-07-16,439.7501220703125,61.667442321777344,265.76177978515625
2024-07-17,447.31512451171875,61.098758697509766,269.16705322265625
2024-07-18,444.8959045410156,59.86161422729492,265.6630554199219
2024-07-19,439.90875244140625,59.19316482543945,262.0208435058594
2024-07-22,444.1225280761719,60.62984085083008,264.2416687011719
2024-07-23,437.9555969238281,59.57228469848633,261.3595275878906
2024-07-24,428.76458740234375,57.936065673828125,250.87709045410156
2024-07-25,425.9388427734375,57.08802795410156,250.45269775390625
2024-07-26,434.4456787109375,58.15555953979492,256.0986022949219
2024-07-29,437.5391540527344,58.80405807495117,258.2108154296875
2024-07-30,443.63671875,63.85239028930664,259.69146728515625
2024-07-31,459.7581481933594,65.62828063964844,262.2281494140625
2024-08-01,458.4692687988281,65.15936279296875,262.4847717285156
2024-08-02,458.08258056640625,61.8370475769043,263.12628173828125
2024-08-05,438.2331848144531,60.320552825927734,253.11770629882812
2024-08-06,444.4795227050781,62.60527420043945,254.9141082763672
2024-08-07,446.00640869140625,62.595298767089844,253.19667053222656
2024-08-08,451.69744873046875,64.13174438476562,256.46380615234375
2024-08-09,452.88720703125,64.57073211669922,256.9088439941406
2024-08-12,451.8065185546875,63.31363296508789,257.03741455078125
2024-08-13,455.4451904296875,64.95983123779297,257.2747497558594
2024-08-14,456.23846435546875,65.98745727539062,258.2737121582031
2024-08-15,464.7155456542969,67.7833023071289,263.8715515136719
2024-08-16,464.88409423828125,67.80325317382812,264.4451904296875
2024-08-19,463.00030517578125,69.26986694335938,263.54522705078125
2024-08-20,465.1220397949219,71.72418975830078,265.09796142578125
2024-08-21,464.0115661621094,71.29518127441406,265.2561950683594
2024-08-22,464.8246154785156,71.35504150390625,264.9990234375
2024-08-23,462.46490478515625,71.53462982177734,264.5045471191406
2024-08-26,464.6461486816406,71.87384796142578,265.2660827636719
2024-08-27,470.9420471191406,71.42488098144531,267.74853515625
2024-08-28,467.7792053222656,70.26756286621094,266.23529052734375
2024-08-29,476.7025146484375,72.99126434326172,271.30902099609375
2024-08-30,479.22088623046875,72.26294708251953,273.3365478515625
2024-09-03,478.0112609863281,71.83393859863281,275.48272705078125
2024-09-04,479.0225524902344,72.44253540039062,277.4112548828125
2024-09-05,473.2917785644531,71.8638687133789,275.56182861328125
2024-09-06,472.0623474121094,68.73110961914062,276.3035583496094
2024-09-09,482.93890380859375,69.19004821777344,282.4750671386719
2024-09-10,483.8609924316406,68.69120025634766,282.2080383300781
2024-09-11,484.0196228027344,69.19004821777344,280.84320068359375
2024-09-12,487.9161376953125,70.19772338867188,282.23773193359375
2024-09-13,489.15545654296875,69.93831634521484,284.1960144042969
2024-09-16,493.4683837890625,70.90608215332031,287.2916564941406
2024-09-17,496.720458984375,71.6044692993164,288.35980224609375
2024-09-18,490.54351806640625,72.95135498046875,285.3136291503906
2024-09-19,488.8084716796875,77.3910903930664,282.109130859375
2024-09-20,488.540771484375,76.58296203613281,281.6443176269531
2024-09-23,492.9032897949219,77.49085998535156,285.4619445800781
2024-09-24,483.2562255859375,78.15930938720703,269.7859191894531
2024-09-25,485.2787780761719,77.18157958984375,266.6705017089844
2024-09-26,487.0832824707031,79.89530181884766,268.7078857421875
2024-09-27,489.4330749511719,77.70037841796875,272.1496887207031
2024-09-30,489.5917053222656,77.85002899169922,271.9320983886719
2024-10-01,492.1497497558594,77.29132080078125,274.55303955078125
2024-10-02,491.34661865234375,77.26139831542969,273.9596252441406
2024-10-03,490.75177001953125,77.1316909790039,273.8211364746094
2024-10-04,493.4585266113281,79.17696380615234,274.87939453125
2024-10-07,487.113037109375,80.07489013671875,270.7848815917969
2024-10-08,492.8239440917969,80.97281646728516,271.9420166015625
2024-10-09,496.348388671875,81.46168518066406,273.8903503417969
2024-10-10,494.4322509765625,78.79784393310547,274.4244689941406
2024-10-11,498.64178466796875,80.32431030273438,274.79034423828125
2024-10-14,503.0100402832031,80.48394012451172,277.5992126464844
2024-10-15,503.575927734375,79.36653137207031,276.2244873046875
2024-10-16,510.3666687011719,80.63359832763672,284.3641052246094
2024-10-17,510.0588684082031,79.63590240478516,287.2026672363281
2024-10-18,512.6203002929688,80.7533187866211,287.43011474609375
2024-10-21,511.2999267578125,80.37419128417969,283.7015075683594
2024-10-22,509.32421875,80.72339630126953,281.66412353515625
2024-10-23,510.0290832519531,80.6435775756836,280.6453857421875
2024-10-24,506.9414978027344,81.20227813720703,280.111328125
2024-10-25,503.7049560546875,81.51156616210938,278.6376953125
2024-10-28,504.548828125,83.39720153808594,281.0706787109375
2024-10-29,502.63275146484375,80.09484100341797,278.7860412597656
2024-10-30,509.9894104003906,78.03959655761719,286.97515869140625
2024-10-31,495.9909973144531,79.11710357666016,286.6685791015625
2024-11-01,504.4197998046875,77.07183074951172,287.54876708984375
2024-11-04,501.9378356933594,77.94979858398438,288.6466064453125
2024-11-05,501.91796875,79.06721496582031,290.0708312988281
2024-11-06,517.375732421875,81.22223663330078,304.02593994140625
2024-11-07,514.149169921875,81.1623764038086,302.4434814453125
2024-11-08,520.9796752929688,82.81855010986328,304.4907531738281
2024-11-11,526.3009643554688,86.73948669433594,307.50732421875
2024-11-12,525.35791015625,86.20072937011719,307.0316467285156
2024-11-13,518.1204833984375,87.10862731933594,306.6650390625
2024-11-14,516.6510620117188,85.59213256835938,305.44622802734375
2024-11-15,518.1302490234375,85.63204193115234,306.8235778808594
2024-11-18,517.8721923828125,84.47471618652344,309.3206481933594
2024-11-19,515.7178955078125,83.89604949951172,309.0134582519531
2024-11-20,508.84765625,84.5445556640625,304.5940246582031
2024-11-21,511.38916015625,84.62437438964844,307.0812072753906
2024-11-22,517.1077270507812,86.56986999511719,307.10101318359375
2024-11-25,522.8063354492188,87.56756591796875,310.34124755859375
2024-11-26,524.6729125976562,86.73948669433594,308.9837341308594
2024-11-27,528.5447998046875,86.37033081054688,311.8375549316406
2024-11-29,529.1006469726562,86.56986999511719,312.21405029296875
2024-12-02,527.5320434570312,86.33042907714844,313.7698059082031
2024-12-03,522.389404296875,84.94363403320312,310.16290283203125
2024-12-04,517.3857421875,89.12397003173828,307.0812072753906
2024-12-05,520.9895629882812,88.8396224975586,306.2686462402344
2024-12-06,524.76220703125,89.67269897460938,308.18109130859375
2024-12-09,519.0536499023438,89.79242706298828,305.4957580566406
2024-12-10,525.1990966796875,88.55528259277344,309.5386657714844
2024-12-11,530.599853515625,90.54069519042969,310.9358215332031
2024-12-12,528.5745239257812,89.19380950927734,311.3717956542969
2024-12-13,525.1890869140625,90.81006622314453,311.8771667480469
2024-12-16,526.4896240234375,91.08943176269531,313.0167541503906
2024-12-17,527.1846313476562,90.65044403076172,315.4047546386719
2024-12-18,516.2142944335938,85.25291442871094,306.9622802734375
2024-12-19,519.5103759765625,86.57984924316406,312.0158996582031
2024-12-20,524.2261352539062,86.92903900146484,314.82012939453125
2024-12-23,525.1494140625,86.69957733154297,314.33465576171875
2024-12-24,531.850830078125,88.04646301269531,317.7333984375
2024-12-26,532.2875366210938,87.93671417236328,317.9910888671875
2024-12-27,528.365966796875,86.65966796875,315.7615051269531
2024-12-30,521.7639770507812,85.23296356201172,312.4419860839844
2024-12-31,522.776611328125,85.15314483642578,313.16534423828125
2025-01-02,518.6366577148438,85.98123168945312,311.540283203125
2025-01-03,517.6040649414062,87.39795684814453,312.0456237792969
2025-01-06,508.2420349121094,89.3235092163086,310.1926574707031
2025-01-07,507.7159118652344,87.76710510253906,308.8350830078125
2025-01-08,512.679931640625,87.73717498779297,309.75665283203125
2025-01-10,501.7728271484375,83.16773986816406,304.9111328125
2025-01-13,502.01141357421875,83.79627990722656,304.1283264160156
2025-01-14,506.09783935546875,86.97892761230469,306.278564453125
2025-01-15,519.351318359375,89.4332504272461,313.4031982421875
2025-01-16,520.1368408203125,88.71491241455078,314.3643493652344
2025-01-17,521.6878051757812,91.5982437133789,316.7127990722656
2025-01-21,525.028564453125,89.56295013427734,320.6863098144531
2025-01-22,524.153564453125,89.64276885986328,320.6169738769531
2025-01-23,531.1531372070312,89.5230484008789,325.2246398925781
2025-01-24,530.4273681640625,88.90447998046875,327.1965637207031
2025-01-27,544.4961547851562,90.03186798095703,331.4970703125
2025-01-28,544.2177734375,87.98660278320312,331.4376525878906
2025-01-29,545.6494750976562,88.55528259277344,332.82489013671875
2025-01-30,562.7606811523438,89.36341857910156,339.9296569824219
2025-01-31,552.2413940429688,88.37570190429688,338.6910095214844
2025-02-03,560.7125854492188,89.30355834960938,342.67449951171875
2025-02-04,555.9003295898438,77.54573059082031,342.0105895996094
2025-02-05,563.0390625,79.01732635498047,346.26153564453125
2025-02-06,563.904052734375,78.38878631591797,344.3193664550781
2025-02-07,559.5193481445312,77.1316909790039,344.8544616699219
2025-02-10,562.24365234375,78.0595474243164,348.0352783203125
2025-02-11,561.4581909179688,76.03422546386719,348.11468505859375
2025-02-12,561.3587646484375,76.09408569335938,348.8789367675781
2025-02-13,563.0589599609375,76.41334533691406,352.98822021484375
2025-02-14,561.5178833007812,77.79016876220703,351.1817321777344
2025-02-18,565.3457641601562,78.43867492675781,354.080078125
2025-02-19,565.2363891601562,78.17926788330078,352.5912170410156
2025-02-20,560.0463256835938,77.4509506225586,347.8863830566406
2025-02-21,554.3094482421875,74.77713012695312,345.94097900390625
2025-02-24,555.7909545898438,75.07644653320312,347.26104736328125
2025-02-25,560.7921142578125,73.89916229248047,349.4745178222656
2025-02-26,558.0479125976562,71.88382720947266,348.0253601074219
2025-02-27,561.5775756835938,70.5668716430664,353.0973815917969
2025-02-28,573.0015258789062,70.8861312866211,360.015625
2025-03-03,571.6195068359375,69.58912658691406,359.1322326660156
2025-03-04,551.8834838867188,67.3243637084961,349.6134948730469
2025-03-05,555.094970703125,69.33970642089844,350.06011962890625
2025-03-06,546.6636352539062,67.92298126220703,341.6033935546875
2025-03-07,543.6311645507812,70.31745147705078,342.7547912597656
2025-03-10,534.0364990234375,68.00279998779297,338.943359375
2025-03-11,522.781494140625,67.82321166992188,329.6727294921875
2025-03-12,521.6282348632812,68.46173858642578,330.36749267578125
2025-03-13,516.8458251953125,66.75568389892578,326.109375
2025-03-14,524.6109619140625,68.79096984863281,329.3352355957031
2025-03-17,528.9359741210938,69.4893569946289,332.0647888183594
2025-03-18,527.1463623046875,68.72113037109375,332.2831726074219
2025-03-19,533.0125122070312,69.83855438232422,337.34527587890625
2025-03-20,533.3007202148438,69.50930786132812,336.9780578613281
2025-03-21,532.6146850585938,70.02811431884766,333.16656494140625
2025-03-24,540.5488891601562,70.80631256103516,341.3155822753906
2025-03-25,542.0303955078125,70.69657135009766,342.05999755859375
2025-03-26,545.9180297851562,69.80862426757812,341.6232604980469
2025-03-27,554.3692016601562,68.70117950439453,347.26104736328125
2025-03-28,537.5064697265625,64.99974060058594,340.30316162109375
2025-03-31,544.973388671875,65.0995101928711,347.85662841796875
2025-04-01,545.3611450195312,65.94754791259766,343.77716064453125
2025-04-02,544.2376098632812,66.99512481689453,343.7572937011719
2025-04-03,527.5042724609375,61.56767272949219,336.8688659667969
2025-04-04,486.9583740234375,58.235374450683594,310.8039245605469
2025-04-07,482.7327575683594,58.39500427246094,309.99993896484375
2025-04-08,477.1649169921875,57.277587890625,305.97998046875
2025-04-09,513.2838745117188,63.80250549316406,329.96051025390625
2025-04-10,497.2608642578125,60.420326232910156,322.19866943359375
2025-04-11,507.6275329589844,62.445640563964844,330.92333984375
2025-04-14,510.3262634277344,62.126380920410156,332.69012451171875
2025-04-15,515.2257690429688,61.85700225830078,333.3154296875
2025-04-16,511.29217529296875,60.1010627746582,328.86871337890625
2025-04-17,515.176025390625,60.859310150146484,327.1614990234375
2025-04-21,507.1993103027344,60.145957946777344,317.7221374511719
2025-04-22,525.1343383789062,61.27833938598633,328.9382019042969
2025-04-23,527.80322265625,62.315940856933594,331.8861389160156
2025-04-24,533.23046875,64.62061309814453,333.2161865234375
2025-04-25,531.2587280273438,65.18929290771484,332.6802062988281
2025-04-28,532.2645263671875,64.78024291992188,335.0028076171875
2025-04-29,537.432861328125,66.16703796386719,338.9830017089844
2025-04-30,545.7780151367188,65.68814086914062,342.9334411621094
2025-05-01,544.35400390625,65.25914001464844,339.9061279296875
2025-05-02,557.0608520507812,67.08491516113281,345.0178527832031
2025-05-05,558.7835693359375,68.38191986083984,346.0501403808594
2025-05-06,556.6624755859375,67.89305114746094,345.11712646484375
2025-05-07,563.971923828125,68.53157806396484,347.2511291503906
2025-05-08,564.7586669921875,70.31745147705078,348.6606140136719
2025-05-09,566.2723388671875,70.09795379638672,349.9211730957031
2025-05-12,575.8622436523438,72.14321899414062,353.20654296875
2025-05-13,574.189208984375,72.1232681274414,354.0815124511719
2025-05-14,570.89306640625,72.51236724853516,354.3996276855469
2025-05-15,579.7758178710938,71.4049301147461,360.20587158203125
2025-05-16,580.8513793945312,72.0135269165039,363.00958251953125
2025-05-19,583.9683227539062,72.1531982421875,365.77349853515625
2025-05-20,578.6903686523438,72.44253540039062,364.71966552734375
2025-05-21,567.1685791015625,71.48474884033203,356.2289733886719
2025-05-22,567.76611328125,71.28520202636719,355.9009094238281
2025-05-23,561.2333984375,69.68889617919922,351.49652099609375
2025-05-27,572.1576538085938,71.31513977050781,357.22320556640625
2025-05-28,573.5220336914062,71.27523040771484,357.6507568359375
2025-05-29,575.3743286132812,70.76641082763672,360.3052978515625
2025-05-30,583.1616821289062,70.11790466308594,363.0791931152344
2025-06-02,578.7999877929688,70.76641082763672,363.20843505859375
2025-06-03,579.5467529296875,71.16548919677734,363.7452697753906
2025-06-04,581.6978759765625,72.63209533691406,365.8729553222656
2025-06-05,583.00244140625,72.3028564453125,364.6500244140625
2025-06-06,587.6629028320312,73.2606430053711,368.0801086425781
2025-06-09,581.8970336914062,73.38036346435547,364.5406799316406
2025-06-10,587.0852661132812,74.58757781982422,368.5573425292969
2025-06-11,588.2802734375,74.43791961669922,371.1522521972656
2025-06-12,586.826416015625,74.63745880126953,369.2532653808594
2025-06-13,559.6898803710938,70.66664123535156,350.81048583984375
2025-06-16,566.3021850585938,72.09333801269531,353.4253234863281
2025-06-17,567.0789794921875,70.50700378417969,355.77166748046875
2025-06-18,536.4868774414062,68.41184997558594,338.41259765625
2025-06-20,530.7507934570312,69.88844299316406,336.6130676269531
2025-06-23,540.091796875,71.84391784667969,341.76312255859375
2025-06-24,555.2086791992188,73.41029357910156,349.5975341796875
2025-06-25,547.4111938476562,72.90147399902344,343.2643737792969
2025-06-26,543.5374145507812,73.00123596191406,344.0299377441406
2025-06-27,548.0286254882812,73.47015380859375,346.5950012207031
2025-06-30,559.6002197265625,74.14859008789062,352.997802734375
2025-07-01,562.2590942382812,75.11634826660156,353.41534423828125
2025-07-02,559.1820068359375,76.13399505615234,352.1725769042969
2025-07-03,566.869873046875,76.41334533691406,356.7857666015625
2025-07-07,562.7669677734375,76.0042953491211,354.57861328125
2025-07-08,560.09814453125,74.85694885253906,352.50067138671875
2025-07-09,563.5184326171875,74.65741729736328,355.6921691894531
2025-07-10,561.9329223632812,75.52540588378906,353.8230285644531
2025-07-11,548.6304931640625,71.19541931152344,345.9189453125
2025-07-14,551.4625854492188,73.7195816040039,348.47406005859375
2025-07-15,548.8099975585938,72.7917251586914,345.0141906738281
2025-07-16,553.9555053710938,72.80170440673828,347.8775634765625
2025-07-17,554.0452270507812,73.68965148925781,347.7880859375
2025-07-18,551.103515625,73.99893188476562,347.032470703125
2025-07-21,553.0879516601562,74.6474380493164,348.91156005859375
2025-07-22,557.1863403320312,75.82471466064453,349.8262023925781
2025-07-23,560.5070190429688,76.48319244384766,353.2364501953125
2025-07-24,561.9130249023438,77.64051818847656,351.9240417480469
2025-07-25,566.6196899414062,77.8001480102539,354.976318359375
2025-07-28,566.6796264648438,78.03959655761719,353.41534423828125
2025-07-29,561.7335205078125,71.28520202636719,349.259521484375
2025-07-30,557.5353393554688,69.5492172241211,348.8817443847656
2025-07-31,564.8746337890625,68.6014175415039,343.4731750488281
2025-08-01,558.313232421875,66.95521545410156,337.3885192871094
2025-08-04,568.2052612304688,67.85314178466797,340.1723327636719
2025-08-05,564.4458618164062,67.6735610961914,335.4796447753906
2025-08-06,567.5271606445312,69.2598876953125,337.7762756347656
2025-08-07,559.639404296875,68.06266021728516,330.1705017089844
2025-08-08,572.7025146484375,67.49397277832031,334.8334045410156
2025-08-11,571.974609375,66.92528533935547,333.95849609375
2025-08-12,572.5629272460938,67.813232421875,335.3827209472656
2025-08-13,576.2724609375,70.46709442138672,341.1693115234375
2025-08-14,582.115966796875,69.21997833251953,344.0974426269531
2025-08-15,580.061767578125,69.07032775878906,343.0815734863281
2025-08-18,582.4949340820312,69.36963653564453,341.3585205078125
2025-08-19,583.8610229492188,68.8907470703125,341.0697326660156
2025-08-20,591.0108032226562,67.92298126220703,342.5437316894531
2025-08-21,590.2529907226562,67.39420318603516,342.3047180175781
2025-08-22,597.273193359375,69.73878479003906,348.6291198730469
2025-08-25,591.5393676757812,69.31975555419922,347.4140319824219
2025-08-26,589.9437866210938,70.01813507080078,349.7644958496094
2025-08-27,588.9965209960938,69.4893569946289,348.9378662109375
2025-08-28,588.8170166015625,69.8984146118164,348.4498291015625
2025-08-29,593.6134643554688,70.02811431884766,350.36212158203125
2025-09-02,590.203125,69.09027862548828,348.65899658203125
2025-09-03,591.609130859375,69.47938537597656,349.4557800292969
2025-09-04,593.9625244140625,68.3021011352539,349.5752868652344
2025-09-05,582.5746459960938,68.10256958007812,341.83660888671875
2025-09-08,584.9479370117188,68.24224090576172,340.9203186035156
2025-09-09,582.3552856445312,67.5239028930664,342.6034851074219
2025-09-10,577.748291015625,65.48860931396484,336.75714111328125
2025-09-11,587.0719604492188,67.1148452758789,342.10552978515625
2025-09-12,578.7753295898438,66.73572540283203,338.0618896484375
2025-09-15,581.3182373046875,66.95521545410156,337.6833801269531
2025-09-16,584.7684326171875,66.69581604003906,338.65948486328125
2025-09-17,596.944091796875,68.46173858642578,344.8045959472656
2025-09-18,584.3994750976562,68.3619613647461,336.8169250488281
2025-09-19,582.5147705078125,68.06266021728516,340.2330627441406
2025-09-22,582.8438720703125,67.5239028930664,342.97198486328125
2025-09-23,568.36474609375,67.15475463867188,337.3348388671875
2025-09-24,567.2080078125,67.7034912109375,337.31488037109375
2025-09-25,565.7023315429688,66.58606719970703,333.58001708984375
2025-09-26,563.5384521484375,67.14478302001953,336.01019287109375
2025-09-29,566.5399780273438,69.519287109375,338.7889404296875
2025-09-30,567.2080078125,66.90532684326172,340.0040283203125
2025-10-01,572.1541137695312,66.50625610351562,346.4280090332031
2025-10-02,575.7040405273438,68.7710189819336,344.55560302734375
2025-10-03,578.8152465820312,69.09027862548828,348.4299011230469
2025-10-06,577.179931640625,71.12557983398438,347.8721923828125
2025-10-07,578.2069702148438,74.43791961669922,350.9995422363281
2025-10-08,574.8165893554688,75.95441436767578,349.94378662109375
2025-10-09,563.7032470703125,75.57528686523438,345.6412353515625
2025-10-10,556.6438598632812,69.67891693115234,342.2648620605469
2025-10-13,558.4012451171875,68.70117950439453,341.916259765625
2025-10-14,567.0681762695312,68.99051666259766,346.975830078125
2025-10-15,561.9658813476562,67.82321166992188,344.2966613769531
2025-10-16,549.0552978515625,65.89766693115234,334.0481262207031
2025-10-17,560.1286010742188,67.25453186035156,340.511962890625
2025-10-20,565.5105590820312,69.04039764404297,343.0218200683594
2025-10-21,571.1720581054688,69.88844299316406,345.8105163574219
2025-10-22,570.5030517578125,67.91300201416016,343.96795654296875
2025-10-23,572.9094848632812,69.49933624267578,344.5655517578125
2025-10-24,572.8095703125,69.60907745361328,345.9798583984375
2025-10-27,571.5015258789062,70.08797454833984,346.4180603027344
2025-10-28,565.0811767578125,72.8515853881836,345.50177001953125
2025-10-29,553.7482299804688,69.519287109375,339.9044189453125
2025-10-30,552.8495483398438,67.77332305908203,343.6393127441406
2025-10-31,551.162109375,69.1102294921875,339.3666076660156
2025-11-03,543.2539672851562,68.182373046875,335.5420837402344
2025-11-04,551.9209594726562,65.92759704589844,338.9283447265625
2025-11-05,552.4801025390625,67.90302276611328,338.66943359375
2025-11-06,552.4501953125,66.107177734375,335.6018371582031
2025-11-07,551.14208984375,66.06726837158203,334.6656188964844
2025-11-10,552.1306762695312,66.09719848632812,333.5003356933594
2025-11-11,557.5125732421875,67.24455261230469,337.553955078125
2025-11-12,560.3882446289062,67.04500579833984,338.1826477050781
2025-11-13,554.7367553710938,65.1793212890625,335.3883972167969
2025-11-14,544.9114990234375,62.66513442993164,329.3408508300781
2025-11-17,536.0447998046875,61.747257232666016,325.07965087890625
2025-11-18,526.7887573242188,60.560001373291016,320.51904296875
2025-11-19,529.5645141601562,60.11000061035156,323.4530029296875
2025-11-20,527.0882568359375,58.10499954223633,323.1037292480469
2025-11-21,539.5895385742188,60.56999969482422,327.3050842285156
2025-11-24,537.0432739257812,60.560001373291016,328.6223449707031
2025-11-25,545.6503295898438,61.220001220703125,333.8415832519531
2025-11-26,544.1126708984375,61.83000183105469,333.1031188964844
2025-11-28,549.704345703125,62.689998626708984,333.75177001953125
2025-12-01,543.1541137695312,62.58000183105469,329.7101135253906
2025-12-02,545.0911865234375,62.900001525878906,328.9416809082031
2025-12-03,552.8994750976562,61.2400016784668,328.93170166015625
2025-12-04,541.4966430664062,61.72999954223633,326.4268798828125
2025-12-05,544.7018432617188,62.279998779296875,330.558349609375
2025-12-08,539.6294555664062,61.119998931884766,326.16741943359375
2025-12-09,536.7437744140625,60.779998779296875,325.828125
2025-12-10,538.0517578125,61.15999984741211,325.0596923828125
2025-12-11,562.5250244140625,61.689998626708984,344.91876220703125
2025-12-12,571.0722045898438,61.65999984741211,347.11419677734375
2025-12-15,568.2764282226562,60.7400016784668,346.1761779785156
2025-12-16,565.1710815429688,61.33000183105469,344.3998107910156
2025-12-17,564.6218872070312,60.18000030517578,343.7012634277344
2025-12-18,565.3607788085938,59.439998626708984,345.2979736328125
2025-12-19,571.3717041015625,59.810001373291016,348.5312805175781
2025-12-22,574.8365478515625,59.86000061035156,351.3654479980469
2025-12-23,575.4855346679688,59.40999984741211,352.6528015136719
2025-12-24,578.5809326171875,60.040000915527344,354.4091796875
2025-12-26,578.7306518554688,59.970001220703125,354.26947021484375
2025-12-29,577.0332641601562,59.4900016784668,353.8802490234375
2025-12-30,576.553955078125,59.099998474121094,352.8923034667969
2025-12-31,570.0238037109375,58.380001068115234,349.98828125
